0.095453276;R;4096;swapper
0.095926780;R;4160;swapper
0.096240765;R;4224;swapper
0.096521848;R;4288;swapper
0.096795532;R;4352;swapper
0.097069216;R;4416;swapper
0.097340253;R;4544;swapper
0.097611592;R;4608;swapper
0.097878840;R;4672;swapper
0.098154028;R;4736;swapper
0.098424163;R;4800;swapper
0.098694358;R;4864;swapper
0.098965697;R;4928;swapper
0.099232223;R;4992;swapper
0.099499531;R;5056;swapper
0.099769426;R;5120;swapper
0.100041426;R;5184;swapper
0.100315170;R;5248;swapper
0.100584944;R;5312;swapper
0.100857726;R;5376;swapper
0.101134117;R;5440;swapper
0.101402027;R;5504;swapper
0.101680403;R;5568;swapper
0.101954869;R;5632;swapper
0.102221215;R;5696;swapper
0.102490989;R;5760;swapper
0.102756974;R;5824;swapper
0.103028914;R;5888;swapper
0.103307530;R;5952;swapper
0.103577124;R;6016;swapper
0.103850267;R;6080;swapper
0.104117094;R;6144;swapper
0.104387169;R;6208;swapper
0.104652613;R;6272;swapper
0.104922928;R;6336;swapper
0.105195470;R;6400;swapper
0.105474387;R;6464;swapper
0.105865124;R;6528;swapper
0.106165334;R;6592;swapper
0.106446297;R;6656;swapper
0.106716372;R;6720;swapper
0.106994628;R;6784;swapper
0.107269695;R;6848;swapper
0.107541635;R;6912;swapper
0.107812913;R;6976;swapper
0.108082447;R;7040;swapper
0.108347349;R;7104;swapper
0.108618687;R;7168;swapper
0.108886717;R;7232;swapper
0.109153604;R;7296;swapper
0.109422657;R;7360;swapper
0.109690867;R;7424;swapper
0.109958176;R;7488;swapper
0.110276672;R;7552;swapper
0.110561003;R;7616;swapper
0.110833363;R;7680;swapper
0.111109213;R;7744;swapper
0.111384942;R;7808;swapper
0.111657423;R;7872;swapper
0.111921303;R;7936;swapper
0.112193183;R;8000;swapper
0.112466807;R;8064;swapper
0.112741574;R;8128;swapper
0.113011167;R;8192;swapper
0.113282746;R;8256;swapper
0.113552400;R;8320;swapper
0.113825363;R;8384;swapper
0.114091949;R;8448;swapper
0.114368160;R;8512;swapper
0.114640400;R;8576;swapper
0.114911558;R;8640;swapper
0.115185302;R;8704;swapper
0.115456340;R;8768;swapper
0.115849543;R;8832;swapper
0.116152220;R;8896;swapper
0.116434806;R;8960;swapper
0.116707408;R;9024;swapper
0.116973633;R;9088;swapper
0.117245453;R;9152;swapper
0.117518234;R;9216;swapper
0.117788490;R;9280;swapper
0.118018084;R;9344;swapper
0.118235407;R;9408;swapper
0.118457723;R;9472;swapper
0.118679197;R;9536;swapper
0.118897482;R;9600;swapper
0.119115407;R;9664;swapper
0.119334595;R;9728;swapper
0.119556490;R;9792;swapper
0.119777783;R;9856;swapper
0.119998234;R;9920;swapper
0.120214535;R;9984;swapper
0.120434745;R;10048;swapper
0.120647858;R;10112;swapper
0.120865361;R;10176;swapper
0.121087316;R;10240;swapper
0.121304098;R;10304;swapper
0.121522985;R;10368;swapper
0.121744519;R;10432;swapper
0.121964369;R;10496;swapper
0.122189993;R;10560;swapper
0.122408579;R;10624;swapper
0.122628128;R;10688;swapper
0.122852008;R;10752;swapper
0.123074143;R;10816;swapper
0.123295977;R;10880;swapper
0.123513662;R;10944;swapper
0.123731045;R;11008;swapper
0.123950534;R;11072;swapper
0.124172428;R;11136;swapper
0.124395526;R;11200;swapper
0.124615195;R;11264;swapper
0.124873661;R;11328;swapper
0.125097300;R;11392;swapper
0.125318473;R;11456;swapper
0.125539345;R;11520;swapper
0.125864519;R;11584;swapper
0.126107225;R;11648;swapper
0.126333511;R;11712;swapper
0.126559375;R;11776;swapper
0.126778804;R;11840;swapper
0.126998533;R;11904;swapper
0.127218202;R;11968;swapper
0.127437029;R;12032;swapper
0.127656578;R;12096;swapper
0.127875105;R;12160;swapper
0.128097901;R;12224;swapper
0.128317932;R;12288;swapper
0.128536879;R;12352;swapper
0.128752037;R;12416;swapper
0.128971886;R;12480;swapper
0.129192217;R;12544;swapper
0.129415916;R;12608;swapper
0.129637510;R;12672;swapper
0.129854713;R;12736;swapper
0.130072758;R;12800;swapper
0.130295375;R;12864;swapper
0.130515345;R;12928;swapper
0.130736999;R;12992;swapper
0.130956307;R;13056;swapper
0.131175735;R;13120;swapper
0.131397149;R;13184;swapper
0.131613991;R;13248;swapper
0.131836066;R;13312;swapper
0.132053209;R;13376;swapper
0.132275344;R;13440;swapper
0.132493931;R;13504;swapper
0.132710291;R;13568;swapper
0.132929961;R;13632;swapper
0.133149329;R;13696;swapper
0.133369179;R;13760;swapper
0.133588968;R;13824;swapper
0.133807494;R;13888;swapper
0.134034081;R;13952;swapper
0.134253028;R;14016;swapper
0.134476487;R;14080;swapper
0.134700968;R;14144;swapper
0.134921118;R;14208;swapper
0.135139945;R;14272;swapper
0.135363283;R;14336;swapper
0.135583073;R;14400;swapper
0.136063855;R;14464;swapper
0.136412968;R;14528;swapper
0.136754802;R;14592;swapper
0.137071012;R;14656;swapper
0.137399253;R;14720;swapper
0.137728035;R;14784;swapper
0.138052546;R;14848;swapper
0.138381809;R;14912;swapper
0.138702711;R;14976;swapper
0.139023553;R;15040;swapper
0.139396426;R;15104;swapper
0.139736877;R;15168;swapper
0.140069207;R;15232;swapper
0.140400455;R;15296;swapper
0.140722921;R;15360;swapper
0.141054651;R;15424;swapper
0.141381929;R;15488;swapper
0.141708485;R;15552;swapper
0.142030651;R;15616;swapper
0.142356124;R;15680;swapper
0.142683583;R;15744;swapper
0.143007312;R;15808;swapper
0.143334650;R;15872;swapper
0.143662410;R;15936;swapper
0.143986259;R;16000;swapper
0.144313477;R;16064;swapper
0.144641477;R;16128;swapper
0.144961838;R;16192;swapper
0.145292545;R;16256;swapper
0.145687853;R;16320;swapper
0.146045327;R;16384;swapper
0.146378199;R;16448;swapper
0.146711732;R;16512;swapper
0.147038349;R;16576;swapper
0.147363943;R;16640;swapper
0.147688274;R;16704;swapper
0.148007131;R;16768;swapper
0.148332544;R;16832;swapper
0.148655612;R;16896;swapper
0.148974348;R;16960;swapper
0.149301506;R;17024;swapper
0.149627100;R;17088;swapper
0.149956604;R;17152;swapper
0.150282980;R;17216;swapper
0.150604002;R;17280;swapper
0.150928453;R;17344;swapper
0.151255731;R;17408;swapper
0.151581746;R;17472;swapper
0.151910889;R;17536;swapper
0.152231791;R;17600;swapper
0.152556904;R;17664;swapper
0.152886107;R;17728;swapper
0.153216272;R;17792;swapper
0.153542708;R;17856;swapper
0.153877205;R;17920;swapper
0.154202979;R;17984;swapper
0.154528513;R;18048;swapper
0.154853024;R;18112;swapper
0.155180242;R;18176;swapper
0.155504272;R;18240;swapper
0.155872813;R;18304;swapper
0.156207490;R;18368;swapper
0.156536633;R;18432;swapper
0.156859821;R;18496;swapper
0.157186918;R;18560;swapper
0.157511369;R;18624;swapper
0.157829685;R;18688;swapper
0.158152211;R;18752;swapper
0.158481354;R;18816;swapper
0.158856031;R;18880;swapper
0.159193294;R;18944;swapper
0.159523459;R;19008;swapper
0.159847730;R;19072;swapper
0.160181564;R;19136;swapper
0.160507700;R;19200;swapper
0.160827820;R;19264;swapper
0.161155339;R;19328;swapper
0.161477203;R;19392;swapper
0.161797805;R;19456;swapper
0.162127429;R;19520;swapper
0.162445383;R;19584;swapper
0.162770556;R;19648;swapper
0.163095789;R;19712;swapper
0.163424752;R;19776;swapper
0.163752210;R;19840;swapper
0.164077624;R;19904;swapper
0.164406706;R;19968;swapper
0.164732481;R;20032;swapper
0.165055488;R;20096;swapper
0.165379999;R;20160;swapper
0.165735008;R;20224;swapper
0.166084361;R;20288;swapper
0.166404301;R;20352;swapper
0.166728211;R;20416;swapper
0.167056511;R;20480;swapper
0.167380662;R;20544;swapper
0.167708060;R;20608;swapper
0.168034496;R;20672;swapper
0.168363398;R;20736;swapper
0.168689714;R;20800;swapper
0.169011819;R;20864;swapper
0.169334766;R;20928;swapper
0.169663007;R;20992;swapper
0.169991187;R;21056;swapper
0.170317263;R;21120;swapper
0.170635578;R;21184;swapper
0.170959127;R;21248;swapper
0.171284841;R;21312;swapper
0.171610435;R;21376;swapper
0.171941683;R;21440;swapper
0.172274796;R;21504;swapper
0.172601533;R;21568;swapper
0.172927848;R;21632;swapper
0.173251397;R;21696;swapper
0.173579999;R;21760;swapper
0.173909202;R;21824;swapper
0.174234254;R;21888;swapper
0.174558525;R;21952;swapper
0.174887307;R;22016;swapper
0.175211397;R;22080;swapper
0.175536089;R;22144;swapper
0.175941924;R;22208;swapper
0.176274616;R;22272;swapper
0.176608450;R;22336;swapper
0.176931819;R;22400;swapper
0.177255247;R;22464;swapper
0.177581382;R;22528;swapper
0.177900660;R;22592;swapper
0.178273833;R;22656;swapper
0.178607126;R;22720;swapper
0.178928329;R;22784;swapper
0.179258555;R;22848;swapper
0.179583668;R;22912;swapper
0.179908540;R;22976;swapper
0.180235397;R;23040;swapper
0.180557923;R;23104;swapper
0.180892660;R;23168;swapper
0.181212900;R;23232;swapper
0.181534945;R;23296;swapper
0.181857291;R;23360;swapper
0.182189923;R;23424;swapper
0.182517080;R;23488;swapper
0.182843937;R;23552;swapper
0.183167306;R;23616;swapper
0.183489652;R;23680;swapper
0.183821742;R;23744;swapper
0.184149982;R;23808;swapper
0.184477742;R;23872;swapper
0.184804719;R;23936;swapper
0.185131155;R;24000;swapper
0.185451636;R;24064;swapper
0.185840629;R;24128;swapper
0.186168328;R;24192;swapper
0.186496869;R;24256;swapper
0.186824508;R;24320;swapper
0.187157801;R;24384;swapper
0.187483034;R;24448;swapper
0.187813801;R;24512;swapper
0.188143846;R;24576;swapper
0.188468899;R;24640;swapper
0.188794493;R;24704;swapper
0.189115816;R;24768;swapper
0.189435996;R;24832;swapper
0.189763274;R;24896;swapper
0.190081831;R;24960;swapper
0.190406763;R;25024;swapper
0.190735064;R;25088;swapper
0.191065951;R;25152;swapper
0.191393951;R;25216;swapper
0.191724296;R;25280;swapper
0.192051154;R;25344;swapper
0.192378612;R;25408;swapper
0.192702161;R;25472;swapper
0.193024567;R;25536;swapper
0.193348356;R;25600;swapper
0.193669740;R;25664;swapper
0.193992867;R;25728;swapper
0.194316236;R;25792;swapper
0.194637318;R;25856;swapper
0.194960747;R;25920;swapper
0.195293499;R;25984;swapper
0.195691093;R;26048;swapper
0.196047123;R;26112;swapper
0.196379995;R;26176;swapper
0.196707454;R;26240;swapper
0.197032807;R;26304;swapper
0.197359905;R;26368;swapper
0.197735062;R;26432;swapper
0.198071483;R;26496;swapper
0.198397859;R;26560;swapper
0.198723092;R;26624;swapper
0.199043333;R;26688;swapper
0.199368927;R;26752;swapper
0.199693438;R;26816;swapper
0.200014942;R;26880;swapper
0.200340415;R;26944;swapper
0.200666250;R;27008;swapper
0.200993648;R;27072;swapper
0.201313648;R;27136;swapper
0.201645979;R;27200;swapper
0.201974279;R;27264;swapper
0.202298490;R;27328;swapper
0.202628174;R;27392;swapper
0.202950821;R;27456;swapper
0.203273347;R;27520;swapper
0.203596234;R;27584;swapper
0.203926580;R;27648;swapper
0.204252113;R;27712;swapper
0.204573677;R;27776;swapper
0.204900955;R;27840;swapper
0.205227572;R;27904;swapper
0.205547752;R;27968;swapper
0.205965076;R;28032;swapper
0.206301737;R;28096;swapper
0.206633467;R;28160;swapper
0.206961286;R;28224;swapper
0.207281467;R;28288;swapper
0.207608263;R;28352;swapper
0.207930489;R;28416;swapper
0.208256985;R;28480;swapper
0.208582278;R;28544;swapper
0.208912925;R;28608;swapper
0.209245135;R;28672;swapper
0.209563271;R;28736;swapper
0.209884534;R;28800;swapper
0.210209285;R;28864;swapper
0.210536443;R;28928;swapper
0.210867030;R;28992;swapper
0.211189015;R;29056;swapper
0.211513105;R;29120;swapper
0.211837435;R;29184;swapper
0.212164112;R;29248;swapper
0.212484894;R;29312;swapper
0.212808984;R;29376;swapper
0.213134879;R;29440;swapper
0.213453074;R;29504;swapper
0.213779811;R;29568;swapper
0.214116051;R;29632;swapper
0.218113284;R;4097;swapper
0.218434848;R;4098;swapper
0.218731269;R;4099;swapper
0.219022637;R;4100;swapper
0.219307690;R;4101;swapper
0.219601885;R;4102;swapper
0.219890607;R;4103;swapper
0.220173133;R;4104;swapper
0.220458306;R;4105;swapper
0.220745404;R;4106;swapper
0.221029674;R;4107;swapper
0.221608080;R;4161;swapper
0.221922125;R;4162;swapper
0.222224682;R;4163;swapper
0.222516591;R;4164;swapper
0.222808561;R;4165;swapper
0.223096982;R;4166;swapper
0.223386185;R;4167;swapper
0.223670035;R;4168;swapper
0.223954546;R;4169;swapper
0.224241583;R;4170;swapper
0.224532651;R;4171;swapper
0.228377041;E;145;swapper
0.228967778;W;9280;swapper
0.229687357;W;9280;swapper
0.230310033;W;9281;swapper
0.230893552;W;9282;swapper
0.231466544;W;9283;swapper
0.232036108;W;9284;swapper
0.232602003;W;9285;swapper
0.233184619;W;9286;swapper
0.233750093;W;9287;swapper
0.234337581;W;9288;swapper
0.234894874;W;9289;swapper
0.235474784;W;9290;swapper
0.236112138;W;9291;swapper
0.236752859;E;146;swapper
0.237305641;W;9344;swapper
0.237985641;W;9344;swapper
0.238605731;W;9345;swapper
0.239193761;W;9346;swapper
0.239776738;W;9347;swapper
0.240339746;W;9348;swapper
0.240926813;W;9349;swapper
0.241516828;W;9350;swapper
0.242085069;W;9351;swapper
0.242652527;W;9352;swapper
0.243231294;W;9353;swapper
0.243802482;W;9354;swapper
0.244373068;W;9355;swapper
0.325932994;E;147;ubi_bgt0d
0.326525715;W;9408;ubi_bgt0d
0.327150618;E;148;ubi_bgt0d
0.327716332;W;9472;ubi_bgt0d
0.328299489;E;149;ubi_bgt0d
0.328870377;W;9536;ubi_bgt0d
0.329483610;E;150;ubi_bgt0d
0.330043910;W;9600;ubi_bgt0d
0.330606918;E;151;ubi_bgt0d
0.331158256;W;9664;ubi_bgt0d
0.331700211;E;152;ubi_bgt0d
0.332244692;W;9728;ubi_bgt0d
0.332798797;E;153;ubi_bgt0d
0.333346526;W;9792;ubi_bgt0d
0.333888360;E;154;ubi_bgt0d
0.334441022;W;9856;ubi_bgt0d
0.334989834;E;155;ubi_bgt0d
0.335535879;W;9920;ubi_bgt0d
0.336432180;E;156;ubi_bgt0d
0.337071518;W;9984;ubi_bgt0d
0.337784360;E;157;ubi_bgt0d
0.338406375;W;10048;ubi_bgt0d
0.339334796;E;158;ubi_bgt0d
0.339901472;W;10112;ubi_bgt0d
0.342057201;E;159;ubi_bgt0d
0.342623697;W;10176;ubi_bgt0d
0.345881381;E;160;ubi_bgt0d
0.346445711;W;10240;ubi_bgt0d
0.347054433;E;161;ubi_bgt0d
0.347615636;W;10304;ubi_bgt0d
0.348180568;E;162;ubi_bgt0d
0.348728057;W;10368;ubi_bgt0d
0.349474102;E;163;ubi_bgt0d
0.350037410;W;10432;ubi_bgt0d
0.350648598;E;164;ubi_bgt0d
0.351216297;W;10496;ubi_bgt0d
0.351882342;E;165;ubi_bgt0d
0.352449259;W;10560;ubi_bgt0d
0.353048537;E;166;ubi_bgt0d
0.353607214;W;10624;ubi_bgt0d
0.354229710;E;167;ubi_bgt0d
0.354793740;W;10688;ubi_bgt0d
0.355441499;E;168;ubi_bgt0d
0.367769196;W;10752;ubi_bgt0d
0.368407752;E;169;ubi_bgt0d
0.368972023;W;10816;ubi_bgt0d
0.369521135;E;170;ubi_bgt0d
0.370068985;W;10880;ubi_bgt0d
0.370585556;E;171;ubi_bgt0d
0.371126729;W;10944;ubi_bgt0d
0.371631270;E;172;ubi_bgt0d
0.372172624;W;11008;ubi_bgt0d
0.372673496;E;173;ubi_bgt0d
0.373208293;W;11072;ubi_bgt0d
0.373705796;E;174;ubi_bgt0d
0.374244022;W;11136;ubi_bgt0d
0.374747059;E;175;ubi_bgt0d
0.375284082;W;11200;ubi_bgt0d
0.375859361;E;176;ubi_bgt0d
0.376417135;W;11264;ubi_bgt0d
0.376940864;E;177;ubi_bgt0d
0.377484383;W;11328;ubi_bgt0d
0.377990969;E;178;ubi_bgt0d
0.378530037;W;11392;ubi_bgt0d
0.379030428;E;179;ubi_bgt0d
0.379566428;W;11456;ubi_bgt0d
0.380070488;E;180;ubi_bgt0d
0.380604503;W;11520;ubi_bgt0d
0.381108142;E;181;ubi_bgt0d
0.381642939;W;11584;ubi_bgt0d
0.382144713;E;182;ubi_bgt0d
0.382679750;W;11648;ubi_bgt0d
0.383184472;E;183;ubi_bgt0d
0.383722457;W;11712;ubi_bgt0d
0.384223690;E;184;ubi_bgt0d
0.384758126;W;11776;ubi_bgt0d
0.385259539;E;185;ubi_bgt0d
0.395773764;W;11840;ubi_bgt0d
0.396310967;E;186;ubi_bgt0d
0.396862245;W;11904;ubi_bgt0d
0.397371538;E;187;ubi_bgt0d
0.397914936;W;11968;ubi_bgt0d
0.398416771;E;188;ubi_bgt0d
0.398953432;W;12032;ubi_bgt0d
0.399456109;E;189;ubi_bgt0d
0.399990785;W;12096;ubi_bgt0d
0.400487928;E;190;ubi_bgt0d
0.401029402;W;12160;ubi_bgt0d
0.401534003;E;191;ubi_bgt0d
0.402066334;W;12224;ubi_bgt0d
0.402563236;E;192;ubi_bgt0d
0.403105551;W;12288;ubi_bgt0d
0.403603897;E;193;ubi_bgt0d
0.404137972;W;12352;ubi_bgt0d
0.404644799;E;194;ubi_bgt0d
0.405181280;W;12416;ubi_bgt0d
0.405780799;E;195;ubi_bgt0d
0.406326965;W;12480;ubi_bgt0d
0.406851716;E;196;ubi_bgt0d
0.407396318;W;12544;ubi_bgt0d
0.407900137;E;197;ubi_bgt0d
0.408440348;W;12608;ubi_bgt0d
0.408936588;E;198;ubi_bgt0d
0.409473731;W;12672;ubi_bgt0d
0.409971716;E;199;ubi_bgt0d
0.410510903;W;12736;ubi_bgt0d
0.411011836;E;200;ubi_bgt0d
0.411551445;W;12800;ubi_bgt0d
0.412051715;E;201;ubi_bgt0d
0.412588978;W;12864;ubi_bgt0d
0.413090091;E;202;ubi_bgt0d
0.413624527;W;12928;ubi_bgt0d
0.414122451;E;203;ubi_bgt0d
0.414661639;W;12992;ubi_bgt0d
0.415158722;E;204;ubi_bgt0d
0.425593667;W;13056;ubi_bgt0d
0.426238299;E;205;ubi_bgt0d
0.426787352;W;13120;ubi_bgt0d
0.427326419;E;206;ubi_bgt0d
0.427869156;W;13184;ubi_bgt0d
0.428394028;E;207;ubi_bgt0d
0.428939050;W;13248;ubi_bgt0d
0.429467832;E;208;ubi_bgt0d
0.430008945;W;13312;ubi_bgt0d
0.430528885;E;209;ubi_bgt0d
0.431068373;W;13376;ubi_bgt0d
0.431601185;E;210;ubi_bgt0d
0.432145065;W;13440;ubi_bgt0d
0.432674568;E;211;ubi_bgt0d
0.433220312;W;13504;ubi_bgt0d
0.433743621;E;212;ubi_bgt0d
0.434286357;W;13568;ubi_bgt0d
0.434816282;E;213;ubi_bgt0d
0.435359981;W;13632;ubi_bgt0d
0.446225724;E;214;ubi_bgt0d
0.446786626;W;13696;ubi_bgt0d
0.452727497;E;215;ubi_bgt0d
0.453279376;W;13760;ubi_bgt0d
0.453881542;E;216;ubi_bgt0d
0.454439677;W;13824;ubi_bgt0d
0.455040699;E;217;ubi_bgt0d
0.455605631;W;13888;ubi_bgt0d
0.463038653;E;218;ubi_bgt0d
0.463613329;W;13952;ubi_bgt0d
0.464159735;E;219;ubi_bgt0d
0.464703795;W;14016;ubi_bgt0d
0.465232757;E;220;ubi_bgt0d
0.465799614;W;14080;ubi_bgt0d
0.466347344;E;221;ubi_bgt0d
0.466891524;W;14144;ubi_bgt0d
0.467415013;E;222;ubi_bgt0d
0.467960336;W;14208;ubi_bgt0d
0.468481839;E;223;ubi_bgt0d
0.469022832;W;14272;ubi_bgt0d
0.469543433;E;224;ubi_bgt0d
0.470076245;W;14336;ubi_bgt0d
0.470594501;E;225;ubi_bgt0d
0.471129959;W;14400;ubi_bgt0d
0.471647072;E;226;ubi_bgt0d
0.472188967;W;14464;ubi_bgt0d
0.472700004;E;227;ubi_bgt0d
0.473239011;W;14528;ubi_bgt0d
0.473752635;E;228;ubi_bgt0d
0.474287132;W;14592;ubi_bgt0d
0.474801898;E;229;ubi_bgt0d
0.475336094;W;14656;ubi_bgt0d
0.476327252;E;230;ubi_bgt0d
0.476886290;W;14720;ubi_bgt0d
0.477455072;E;231;ubi_bgt0d
0.478000936;W;14784;ubi_bgt0d
0.478538019;E;232;ubi_bgt0d
0.479084004;W;14848;ubi_bgt0d
0.479608635;E;233;ubi_bgt0d
0.480150891;W;14912;ubi_bgt0d
0.480672455;E;234;ubi_bgt0d
0.481216815;W;14976;ubi_bgt0d
0.481728936;E;235;ubi_bgt0d
0.482270469;W;15040;ubi_bgt0d
0.482786078;E;236;ubi_bgt0d
0.483323642;W;15104;ubi_bgt0d
0.483842860;E;237;ubi_bgt0d
0.484382830;W;15168;ubi_bgt0d
0.484905356;E;238;ubi_bgt0d
0.485443702;W;15232;ubi_bgt0d
0.486076545;E;239;ubi_bgt0d
0.486622770;W;15296;ubi_bgt0d
0.487179582;E;240;ubi_bgt0d
0.487719492;W;15360;ubi_bgt0d
0.488244063;E;241;ubi_bgt0d
0.488785176;W;15424;ubi_bgt0d
0.489304875;E;242;ubi_bgt0d
0.489845627;W;15488;ubi_bgt0d
0.490363942;E;243;ubi_bgt0d
0.490900423;W;15552;ubi_bgt0d
0.491419701;E;244;ubi_bgt0d
0.491964303;W;15616;ubi_bgt0d
0.492485205;E;245;ubi_bgt0d
0.493024092;W;15680;ubi_bgt0d
0.493538197;E;246;ubi_bgt0d
0.494083400;W;15744;ubi_bgt0d
0.494600693;E;247;ubi_bgt0d
0.495141264;W;15808;ubi_bgt0d
0.495769595;E;248;ubi_bgt0d
0.496318708;W;15872;ubi_bgt0d
0.496866738;E;249;ubi_bgt0d
0.497408031;W;15936;ubi_bgt0d
0.497930256;E;250;ubi_bgt0d
0.498467098;W;16000;ubi_bgt0d
0.498983249;E;251;ubi_bgt0d
0.499522376;W;16064;ubi_bgt0d
0.500044121;E;252;ubi_bgt0d
0.500587339;W;16128;ubi_bgt0d
0.501103549;E;253;ubi_bgt0d
0.501646466;W;16192;ubi_bgt0d
0.502165864;E;254;ubi_bgt0d
0.502711849;W;16256;ubi_bgt0d
0.503228180;E;255;ubi_bgt0d
0.503770375;W;16320;ubi_bgt0d
0.504284901;E;256;ubi_bgt0d
0.504826495;W;16384;ubi_bgt0d
0.505348841;E;257;ubi_bgt0d
0.510245743;W;16448;ubi_bgt0d
0.510814525;E;258;ubi_bgt0d
0.511363637;W;16512;ubi_bgt0d
0.511896389;E;259;ubi_bgt0d
0.512441411;W;16576;ubi_bgt0d
0.512963817;E;260;ubi_bgt0d
0.513498313;W;16640;ubi_bgt0d
0.514026734;E;261;ubi_bgt0d
0.514569832;W;16704;ubi_bgt0d
0.515088087;E;262;ubi_bgt0d
0.515728027;W;16768;ubi_bgt0d
0.516283636;E;263;ubi_bgt0d
0.516835817;W;16832;ubi_bgt0d
0.517369230;E;264;ubi_bgt0d
0.517915456;W;16896;ubi_bgt0d
0.518445079;E;265;ubi_bgt0d
0.518987335;W;16960;ubi_bgt0d
0.519513410;E;266;ubi_bgt0d
0.520051936;W;17024;ubi_bgt0d
0.520584688;E;267;ubi_bgt0d
0.521126703;W;17088;ubi_bgt0d
0.521659996;E;268;ubi_bgt0d
0.522207966;W;17152;ubi_bgt0d
0.522738492;E;269;ubi_bgt0d
0.523278161;W;17216;ubi_bgt0d
0.523805981;E;270;ubi_bgt0d
0.524342041;W;17280;ubi_bgt0d
0.524875334;E;271;ubi_bgt0d
0.525415364;W;17344;ubi_bgt0d
0.542054037;E;272;ubi_bgt0d
0.542618007;W;17408;ubi_bgt0d
0.556135598;E;273;ubi_bgt0d
0.556699568;W;17472;ubi_bgt0d
0.557295959;E;274;ubi_bgt0d
0.557858004;W;17536;ubi_bgt0d
0.558434906;E;275;ubi_bgt0d
0.558992620;W;17600;ubi_bgt0d
0.559756771;E;276;ubi_bgt0d
0.560323928;W;17664;ubi_bgt0d
0.560941913;E;277;ubi_bgt0d
0.561502575;W;17728;ubi_bgt0d
0.562097943;E;278;ubi_bgt0d
0.562658605;W;17792;ubi_bgt0d
0.563256619;E;279;ubi_bgt0d
0.563816740;W;17856;ubi_bgt0d
0.564460950;E;280;ubi_bgt0d
0.565028589;W;17920;ubi_bgt0d
0.576986964;E;281;ubi_bgt0d
0.577578422;W;17984;ubi_bgt0d
0.578222151;E;282;ubi_bgt0d
0.578791475;W;18048;ubi_bgt0d
0.579344437;E;283;ubi_bgt0d
0.579888617;W;18112;ubi_bgt0d
0.580405970;E;284;ubi_bgt0d
0.580951234;W;18176;ubi_bgt0d
0.581455053;E;285;ubi_bgt0d
0.581999354;W;18240;ubi_bgt0d
0.582506181;E;286;ubi_bgt0d
0.583041699;W;18304;ubi_bgt0d
0.583544797;E;287;ubi_bgt0d
0.584081519;W;18368;ubi_bgt0d
0.584582451;E;288;ubi_bgt0d
0.585121338;W;18432;ubi_bgt0d
0.593497698;E;289;ubi_bgt0d
0.594055412;W;18496;ubi_bgt0d
0.594608194;E;290;ubi_bgt0d
0.595153216;W;18560;ubi_bgt0d
0.595777998;E;291;ubi_bgt0d
0.596328495;W;18624;ubi_bgt0d
0.596871652;E;292;ubi_bgt0d
0.597411321;W;18688;ubi_bgt0d
0.597938239;E;293;ubi_bgt0d
0.598479712;W;18752;ubi_bgt0d
0.598993757;E;294;ubi_bgt0d
0.599530419;W;18816;ubi_bgt0d
0.600048433;E;295;ubi_bgt0d
0.600592072;W;18880;ubi_bgt0d
0.601111531;E;296;ubi_bgt0d
0.601652764;W;18944;ubi_bgt0d
0.602172403;E;297;ubi_bgt0d
0.602715440;W;19008;ubi_bgt0d
0.603227741;E;298;ubi_bgt0d
0.603763500;W;19072;ubi_bgt0d
0.604283801;E;299;ubi_bgt0d
0.604818838;W;19136;ubi_bgt0d
0.605334207;E;300;ubi_bgt0d
0.612286446;W;19200;ubi_bgt0d
0.618851437;E;301;ubi_bgt0d
0.619420339;W;19264;ubi_bgt0d
0.620034054;E;302;ubi_bgt0d
0.620596219;W;19328;ubi_bgt0d
0.621151707;E;303;ubi_bgt0d
0.621701061;W;19392;ubi_bgt0d
0.622227316;E;304;ubi_bgt0d
0.622773842;W;19456;ubi_bgt0d
0.623296248;E;305;ubi_bgt0d
0.623840308;W;19520;ubi_bgt0d
0.624356459;E;306;ubi_bgt0d
0.624897992;W;19584;ubi_bgt0d
0.625415225;E;307;ubi_bgt0d
0.625976609;W;19648;ubi_bgt0d
0.626539977;E;308;ubi_bgt0d
0.627086022;W;19712;ubi_bgt0d
0.627613541;E;309;ubi_bgt0d
0.628156518;W;19776;ubi_bgt0d
0.628674112;E;310;ubi_bgt0d
0.629220097;W;19840;ubi_bgt0d
0.629737811;E;311;ubi_bgt0d
0.630275555;W;19904;ubi_bgt0d
0.630794172;E;312;ubi_bgt0d
0.631335345;W;19968;ubi_bgt0d
0.631853299;E;313;ubi_bgt0d
0.632394352;W;20032;ubi_bgt0d
0.632913089;E;314;ubi_bgt0d
0.633459314;W;20096;ubi_bgt0d
0.633976006;E;315;ubi_bgt0d
0.634513569;W;20160;ubi_bgt0d
0.635036396;E;316;ubi_bgt0d
0.635575524;W;20224;ubi_bgt0d
0.636779494;E;317;ubi_bgt0d
0.637344727;W;20288;ubi_bgt0d
0.637888607;E;318;ubi_bgt0d
0.638432245;W;20352;ubi_bgt0d
0.638956937;E;319;ubi_bgt0d
0.639495102;W;20416;ubi_bgt0d
0.640017448;E;320;ubi_bgt0d
0.640563253;W;20480;ubi_bgt0d
0.641081929;E;321;ubi_bgt0d
0.641622561;W;20544;ubi_bgt0d
0.642142019;E;322;ubi_bgt0d
0.642680846;W;20608;ubi_bgt0d
0.643201026;E;323;ubi_bgt0d
0.643741598;W;20672;ubi_bgt0d
0.644257026;E;324;ubi_bgt0d
0.644794229;W;20736;ubi_bgt0d
0.645313086;E;325;ubi_bgt0d
0.645875131;W;20800;ubi_bgt0d
0.646425627;E;326;ubi_bgt0d
0.646964875;W;20864;ubi_bgt0d
0.647489808;E;327;ubi_bgt0d
0.648031582;W;20928;ubi_bgt0d
0.648558559;E;328;ubi_bgt0d
0.649098529;W;20992;ubi_bgt0d
0.649612213;E;329;ubi_bgt0d
0.650151882;W;21056;ubi_bgt0d
0.650667251;E;330;ubi_bgt0d
0.651204754;W;21120;ubi_bgt0d
0.651721987;E;331;ubi_bgt0d
0.652259731;W;21184;ubi_bgt0d
0.652776182;E;332;ubi_bgt0d
0.653312242;W;21248;ubi_bgt0d
0.653827069;E;333;ubi_bgt0d
0.654354648;W;21312;ubi_bgt0d
0.654874167;E;334;ubi_bgt0d
0.655409926;W;21376;ubi_bgt0d
0.655954829;E;335;ubi_bgt0d
0.656499791;W;21440;ubi_bgt0d
0.657032422;E;336;ubi_bgt0d
0.657569685;W;21504;ubi_bgt0d
0.658091550;E;337;ubi_bgt0d
0.658630497;W;21568;ubi_bgt0d
0.659147730;E;338;ubi_bgt0d
0.659684993;W;21632;ubi_bgt0d
0.660208001;E;339;ubi_bgt0d
0.660751279;W;21696;ubi_bgt0d
0.661269113;E;340;ubi_bgt0d
0.661807038;W;21760;ubi_bgt0d
0.662323188;E;341;ubi_bgt0d
0.662861534;W;21824;ubi_bgt0d
0.663378526;E;342;ubi_bgt0d
0.663918496;W;21888;ubi_bgt0d
0.664436330;E;343;ubi_bgt0d
0.664974736;W;21952;ubi_bgt0d
0.665489383;E;344;ubi_bgt0d
0.670441623;W;22016;ubi_bgt0d
0.671015758;E;345;ubi_bgt0d
0.671567216;W;22080;ubi_bgt0d
0.672098464;E;346;ubi_bgt0d
0.672644630;W;22144;ubi_bgt0d
0.673167637;E;347;ubi_bgt0d
0.673713863;W;22208;ubi_bgt0d
0.674252690;E;348;ubi_bgt0d
0.674793862;W;22272;ubi_bgt0d
0.675316569;E;349;ubi_bgt0d
0.675870253;W;22336;ubi_bgt0d
0.676430373;E;350;ubi_bgt0d
0.676969321;W;22400;ubi_bgt0d
0.677511215;E;351;ubi_bgt0d
0.678057681;W;22464;ubi_bgt0d
0.678584598;E;352;ubi_bgt0d
0.679131004;W;22528;ubi_bgt0d
0.679663816;E;353;ubi_bgt0d
0.680202403;W;22592;ubi_bgt0d
0.680725831;E;354;ubi_bgt0d
0.681271275;W;22656;ubi_bgt0d
0.681800778;E;355;ubi_bgt0d
0.682337981;W;22720;ubi_bgt0d
0.682870252;E;356;ubi_bgt0d
0.683408898;W;22784;ubi_bgt0d
0.683935094;E;357;ubi_bgt0d
0.684477530;W;22848;ubi_bgt0d
0.685005710;E;358;ubi_bgt0d
0.685546041;W;22912;ubi_bgt0d
0.715807330;E;359;ubi_bgt0d
0.716383330;W;22976;ubi_bgt0d
0.716995299;E;360;ubi_bgt0d
0.717555059;W;23040;ubi_bgt0d
0.718166247;E;361;ubi_bgt0d
0.718727570;W;23104;ubi_bgt0d
0.719346156;E;362;ubi_bgt0d
0.719907780;W;23168;ubi_bgt0d
0.720509524;E;363;ubi_bgt0d
0.721075900;W;23232;ubi_bgt0d
0.721664471;E;364;ubi_bgt0d
0.722223268;W;23296;ubi_bgt0d
0.722850817;E;365;ubi_bgt0d
0.723420501;W;23360;ubi_bgt0d
0.724048110;E;366;ubi_bgt0d
0.724610816;W;23424;ubi_bgt0d
0.727546876;E;367;ubi_bgt0d
0.728113914;W;23488;ubi_bgt0d
0.745818512;E;368;ubi_bgt0d
0.746391865;W;23552;ubi_bgt0d
0.747008948;E;369;ubi_bgt0d
0.747576406;W;23616;ubi_bgt0d
0.752128225;E;370;ubi_bgt0d
0.752680525;W;23680;ubi_bgt0d
0.753266991;E;371;ubi_bgt0d
0.753829097;W;23744;ubi_bgt0d
0.754415803;E;372;ubi_bgt0d
0.754980735;W;23808;ubi_bgt0d
0.759863261;E;373;ubi_bgt0d
0.760426990;W;23872;ubi_bgt0d
0.787660008;E;374;ubi_bgt0d
0.788235767;W;23936;ubi_bgt0d
0.789006955;E;375;ubi_bgt0d
0.789576880;W;24000;ubi_bgt0d
0.790189451;E;376;ubi_bgt0d
0.790749752;W;24064;ubi_bgt0d
0.791330925;E;377;ubi_bgt0d
0.791897060;W;24128;ubi_bgt0d
0.792705541;E;378;ubi_bgt0d
0.793272218;W;24192;ubi_bgt0d
0.793897360;E;379;ubi_bgt0d
0.794458082;W;24256;ubi_bgt0d
0.795051285;E;380;ubi_bgt0d
0.795607315;W;24320;ubi_bgt0d
0.796586865;E;381;ubi_bgt0d
0.797970744;W;24384;ubi_bgt0d
0.803794622;E;382;ubi_bgt0d
0.804361419;W;24448;ubi_bgt0d
0.810204847;E;383;ubi_bgt0d
0.810771523;W;24512;ubi_bgt0d
0.816431011;E;384;ubi_bgt0d
0.816989026;W;24576;ubi_bgt0d
0.829111670;E;385;ubi_bgt0d
0.829678647;W;24640;ubi_bgt0d
0.830416331;E;386;ubi_bgt0d
0.830972903;W;24704;ubi_bgt0d
0.831587339;E;387;ubi_bgt0d
0.832150647;W;24768;ubi_bgt0d
0.834120090;E;388;ubi_bgt0d
0.834673533;W;24832;ubi_bgt0d
0.835295789;E;389;ubi_bgt0d
0.846960629;W;24896;ubi_bgt0d
0.847580839;E;390;ubi_bgt0d
0.848147275;W;24960;ubi_bgt0d
0.848739516;E;391;ubi_bgt0d
0.849300839;W;25024;ubi_bgt0d
0.853636417;E;392;ubi_bgt0d
0.854201048;W;25088;ubi_bgt0d
0.858071965;E;393;ubi_bgt0d
0.858639303;W;25152;ubi_bgt0d
0.861186190;E;394;ubi_bgt0d
0.861745167;W;25216;ubi_bgt0d
0.862309739;E;395;ubi_bgt0d
0.862860114;W;25280;ubi_bgt0d
0.866559242;E;396;ubi_bgt0d
0.867123572;W;25344;ubi_bgt0d
0.881819088;E;397;ubi_bgt0d
0.882387569;W;25408;ubi_bgt0d
0.885819690;E;398;ubi_bgt0d
0.886386727;W;25472;ubi_bgt0d
0.887003449;E;399;ubi_bgt0d
0.887569464;W;25536;ubi_bgt0d
0.888380231;E;400;ubi_bgt0d
0.888945343;W;25600;ubi_bgt0d
0.889574035;E;401;ubi_bgt0d
0.890136561;W;25664;ubi_bgt0d
0.890745523;E;402;ubi_bgt0d
0.891311719;W;25728;ubi_bgt0d
0.891916050;E;403;ubi_bgt0d
0.892478997;W;25792;ubi_bgt0d
0.893307327;E;404;ubi_bgt0d
0.893878636;W;25856;ubi_bgt0d
0.894499387;E;405;ubi_bgt0d
0.895071417;W;25920;ubi_bgt0d
0.895827087;E;406;ubi_bgt0d
0.896385704;W;25984;ubi_bgt0d
0.900382876;E;407;ubi_bgt0d
0.900963267;W;26048;ubi_bgt0d
0.901524710;E;408;ubi_bgt0d
0.902078635;W;26112;ubi_bgt0d
0.902620409;E;409;ubi_bgt0d
0.903168980;W;26176;ubi_bgt0d
0.903713101;E;410;ubi_bgt0d
0.904297582;W;26240;ubi_bgt0d
0.904830875;E;411;ubi_bgt0d
0.905391175;W;26304;ubi_bgt0d
0.905957371;E;412;ubi_bgt0d
0.906580228;W;26368;ubi_bgt0d
0.907141130;E;413;ubi_bgt0d
0.907691145;W;26432;ubi_bgt0d
0.908284468;E;414;ubi_bgt0d
0.908838814;W;26496;ubi_bgt0d
0.909373069;E;415;ubi_bgt0d
0.909917189;W;26560;ubi_bgt0d
0.910445250;E;416;ubi_bgt0d
0.910982152;W;26624;ubi_bgt0d
0.911506723;E;417;ubi_bgt0d
0.912041460;W;26688;ubi_bgt0d
0.912562963;E;418;ubi_bgt0d
0.913104918;W;26752;ubi_bgt0d
0.913614632;E;419;ubi_bgt0d
0.914153339;W;26816;ubi_bgt0d
0.914666842;E;420;ubi_bgt0d
0.915208376;W;26880;ubi_bgt0d
0.915814271;E;421;ubi_bgt0d
0.916372286;W;26944;ubi_bgt0d
0.916914722;E;422;ubi_bgt0d
0.917464196;W;27008;ubi_bgt0d
0.917987925;E;423;ubi_bgt0d
0.918529819;W;27072;ubi_bgt0d
0.919056797;E;424;ubi_bgt0d
0.919596706;W;27136;ubi_bgt0d
0.920120556;E;425;ubi_bgt0d
0.920666721;W;27200;ubi_bgt0d
0.921186962;E;426;ubi_bgt0d
0.921718871;W;27264;ubi_bgt0d
0.922238570;E;427;ubi_bgt0d
0.922777758;W;27328;ubi_bgt0d
0.923292946;E;428;ubi_bgt0d
0.923828886;W;27392;ubi_bgt0d
0.924349126;E;429;ubi_bgt0d
0.924884765;W;27456;ubi_bgt0d
0.925400254;E;430;ubi_bgt0d
0.925969096;W;27520;ubi_bgt0d
0.926528134;E;431;ubi_bgt0d
0.927080434;W;27584;ubi_bgt0d
0.927608615;E;432;ubi_bgt0d
0.928152675;W;27648;ubi_bgt0d
0.928675923;E;433;ubi_bgt0d
0.929208494;W;27712;ubi_bgt0d
0.929728073;E;434;ubi_bgt0d
0.930262208;W;27776;ubi_bgt0d
0.930781727;E;435;ubi_bgt0d
0.931318990;W;27840;ubi_bgt0d
0.931839711;E;436;ubi_bgt0d
0.932377035;W;27904;ubi_bgt0d
0.932893546;E;437;ubi_bgt0d
0.933434057;W;27968;ubi_bgt0d
0.933949064;E;438;ubi_bgt0d
0.934490297;W;28032;ubi_bgt0d
0.935001455;E;439;ubi_bgt0d
0.935532583;W;28096;ubi_bgt0d
0.936177455;E;440;ubi_bgt0d
0.936729395;W;28160;ubi_bgt0d
0.937264673;E;441;ubi_bgt0d
0.937810417;W;28224;ubi_bgt0d
0.938336252;E;442;ubi_bgt0d
0.938871109;W;28288;ubi_bgt0d
0.939389725;E;443;ubi_bgt0d
0.939931319;W;28352;ubi_bgt0d
0.940445244;E;444;ubi_bgt0d
0.940984853;W;28416;ubi_bgt0d
0.941501725;E;445;ubi_bgt0d
0.942044341;W;28480;ubi_bgt0d
0.942562717;E;446;ubi_bgt0d
0.943100702;W;28544;ubi_bgt0d
0.943615228;E;447;ubi_bgt0d
0.944162295;W;28608;ubi_bgt0d
0.944682115;E;448;ubi_bgt0d
0.945219619;W;28672;ubi_bgt0d
0.945805965;E;449;ubi_bgt0d
0.946355558;W;28736;ubi_bgt0d
0.946896611;E;450;ubi_bgt0d
0.947457152;W;28800;ubi_bgt0d
0.947987378;E;451;ubi_bgt0d
0.949349061;W;28864;ubi_bgt0d
0.951945993;E;452;ubi_bgt0d
0.952494324;W;28928;ubi_bgt0d
0.953052219;E;453;ubi_bgt0d
0.953601692;W;28992;ubi_bgt0d
0.954144309;E;454;ubi_bgt0d
0.954687767;W;29056;ubi_bgt0d
0.955228038;E;455;ubi_bgt0d
0.956002293;W;29120;ubi_bgt0d
0.956679827;E;456;ubi_bgt0d
0.957254263;W;29184;ubi_bgt0d
0.957901661;E;457;ubi_bgt0d
0.958470082;W;29248;ubi_bgt0d
0.959094142;E;458;ubi_bgt0d
0.959654924;W;29312;ubi_bgt0d
0.960272007;E;459;ubi_bgt0d
0.960839646;W;29376;ubi_bgt0d
0.961459676;E;460;ubi_bgt0d
0.962021721;W;29440;ubi_bgt0d
0.962644938;E;461;ubi_bgt0d
0.963262863;W;29504;ubi_bgt0d
0.963883615;E;462;ubi_bgt0d
0.964434532;W;29568;ubi_bgt0d
0.965046382;E;463;ubi_bgt0d
0.965597419;W;29632;ubi_bgt0d
0.966241389;E;64;ubi_bgt0d
0.966792787;W;4096;ubi_bgt0d
0.967327584;E;65;ubi_bgt0d
0.967869719;W;4160;ubi_bgt0d
2.447274625;R;4225;swapper
2.447524249;R;4226;swapper
2.447936039;W;29632;swapper
2.448549212;W;29633;swapper
2.449050685;W;29634;swapper
2.449594745;E;66;ubi_bgt0d
2.450159196;W;4224;ubi_bgt0d
2.451014053;R;4289;swapper
2.451235527;R;4290;swapper
2.451443526;R;4291;swapper
2.451644188;R;4292;swapper
2.451841000;R;4293;swapper
2.452037211;R;4294;swapper
2.452231677;R;4295;swapper
2.452426203;R;4296;swapper
2.452623075;R;4297;swapper
2.452820609;R;4298;swapper
2.453017120;R;4299;swapper
2.453211225;R;4300;swapper
2.453408338;R;4301;swapper
2.453603646;R;4302;swapper
2.453804849;R;4303;swapper
2.454002323;R;4304;swapper
2.454202202;R;4305;swapper
2.454399195;R;4306;swapper
2.454592037;R;4307;swapper
2.454791796;R;4308;swapper
2.454991014;R;4309;swapper
2.455191555;R;4310;swapper
2.455384698;R;4311;swapper
2.455583435;R;4312;swapper
2.455899526;R;4313;swapper
2.456108428;R;4314;swapper
2.456308067;R;4315;swapper
2.456506744;R;4316;swapper
2.456704879;R;4317;swapper
2.456903436;R;4318;swapper
2.457101270;R;4319;swapper
2.457298503;R;4320;swapper
2.457494353;R;4321;swapper
2.457694593;R;4322;swapper
2.457887195;R;4323;swapper
2.458082383;R;4324;swapper
2.458279435;R;4325;swapper
2.458479014;R;4326;swapper
2.458674443;R;4327;swapper
2.458872037;R;4328;swapper
2.459067525;R;4329;swapper
2.459265781;R;4330;swapper
2.459464277;R;4331;swapper
2.459661390;R;4332;swapper
2.459860367;R;4333;swapper
2.460053270;R;4334;swapper
2.460246352;R;4335;swapper
2.460439375;R;4336;swapper
2.460638472;R;4337;swapper
2.460836367;R;4338;swapper
2.461030352;R;4339;swapper
2.461228247;R;4340;swapper
2.461426202;R;4341;swapper
2.461622953;R;4342;swapper
2.461821871;R;4343;swapper
2.462017419;R;4344;swapper
2.462210863;R;4345;swapper
2.462405630;R;4346;swapper
2.462602261;R;4347;swapper
2.462800457;R;4348;swapper
2.463000397;R;4349;swapper
2.463196667;R;4350;swapper
2.463394081;R;4351;swapper
2.465274020;R;4353;swapper
2.465498261;R;4354;swapper
2.465865720;R;4355;swapper
2.466089058;R;4356;swapper
2.466298141;R;4357;swapper
2.466494531;R;4358;swapper
2.466694291;R;4359;swapper
2.466894772;R;4360;swapper
2.467092847;R;4361;swapper
2.467290802;R;4362;swapper
2.467491644;R;4363;swapper
2.467687373;R;4364;swapper
2.467884667;R;4365;swapper
2.468084125;R;4366;swapper
2.468283764;R;4367;swapper
2.468479433;R;4368;swapper
2.468677629;R;4369;swapper
2.468873659;R;4370;swapper
2.469073178;R;4371;swapper
2.469267223;R;4372;swapper
2.469462651;R;4373;swapper
2.469658561;R;4374;swapper
2.469855433;R;4375;swapper
2.470052004;R;4376;swapper
2.470249418;R;4377;swapper
2.470446350;R;4378;swapper
2.470644726;R;4379;swapper
2.470843764;R;4380;swapper
2.471038350;R;4381;swapper
2.471234741;R;4382;swapper
2.471430170;R;4383;swapper
2.471626500;R;4384;swapper
2.471822290;R;4385;swapper
2.472019102;R;4386;swapper
2.472216335;R;4387;swapper
2.472415312;R;4388;swapper
2.472616215;R;4389;swapper
2.472810801;R;4390;swapper
2.473006109;R;4391;swapper
2.473200335;R;4392;swapper
2.473395703;R;4393;swapper
2.473594921;R;4394;swapper
2.473788425;R;4395;swapper
2.473984575;R;4396;swapper
2.474178560;R;4397;swapper
2.474375252;R;4398;swapper
2.474569116;R;4399;swapper
2.474765086;R;4400;swapper
2.474962319;R;4401;swapper
2.475161598;R;4402;swapper
2.475355823;R;4403;swapper
2.475549026;R;4404;swapper
2.475830831;R;4405;swapper
2.476040997;R;4406;swapper
2.476245809;R;4407;swapper
2.476441779;R;4408;swapper
2.476636305;R;4409;swapper
2.476832215;R;4410;swapper
2.477023132;R;4411;swapper
2.477216034;R;4412;swapper
2.477412425;R;4413;swapper
2.477609237;R;4414;swapper
2.477806410;R;4415;swapper
2.479599733;W;4290;swapper
2.480227522;W;4354;swapper
2.481183913;R;4801;swapper
2.481592635;E;76;ubi_bgt0d
2.482186680;W;4864;ubi_bgt0d
2.482991492;R;4801;swapper
2.483383492;R;4417;swapper
2.483595883;R;4418;swapper
2.483794920;R;4419;swapper
2.483994078;R;4420;swapper
2.484189687;R;4421;swapper
2.484386619;R;4422;swapper
2.484578679;R;4423;swapper
2.484774288;R;4424;swapper
2.484967371;R;4425;swapper
2.485161596;R;4426;swapper
2.485355281;R;4427;swapper
2.485550168;R;4428;swapper
2.485874199;R;4429;swapper
2.486084484;R;4430;swapper
2.486289116;R;4431;swapper
2.486489597;R;4432;swapper
2.486686890;R;4433;swapper
2.486886409;R;4434;swapper
2.487079853;R;4435;swapper
2.487275401;R;4436;swapper
2.487471311;R;4437;swapper
2.487671131;R;4438;swapper
2.487864093;R;4439;swapper
2.488060243;R;4440;swapper
2.488258078;R;4441;swapper
2.488454048;R;4442;swapper
2.488648394;R;4443;swapper
2.488843642;R;4444;swapper
2.489039251;R;4445;swapper
2.489236243;R;4446;swapper
2.489432273;R;4447;swapper
2.489631972;R;4448;swapper
2.489828784;R;4449;swapper
2.490027160;R;4450;swapper
2.490225055;R;4451;swapper
2.490417235;R;4452;swapper
2.490609356;R;4453;swapper
2.490806408;R;4454;swapper
2.491002498;R;4455;swapper
2.491194558;R;4456;swapper
2.491385355;R;4457;swapper
2.491579761;R;4458;swapper
2.491775130;R;4459;swapper
2.491972062;R;4460;swapper
2.492170558;R;4461;swapper
2.492368573;R;4462;swapper
2.492564603;R;4463;swapper
2.492761957;R;4464;swapper
2.492957205;R;4465;swapper
2.493151009;R;4466;swapper
2.493349505;R;4467;swapper
2.493546738;R;4468;swapper
2.493743611;R;4469;swapper
2.493939761;R;4470;swapper
2.494142768;R;4471;swapper
2.494336633;R;4472;swapper
2.494533265;R;4473;swapper
2.494731279;R;4474;swapper
2.494927911;R;4475;swapper
2.495121475;R;4476;swapper
2.495316783;R;4477;swapper
2.495509445;R;4478;swapper
2.495803460;R;4479;swapper
2.497673053;R;4545;swapper
2.497893745;R;4546;swapper
2.498098738;R;4547;swapper
2.498298918;R;4548;swapper
2.498493143;R;4549;swapper
2.498685204;R;4550;swapper
2.498884722;R;4551;swapper
2.499081775;R;4552;swapper
2.499280211;R;4553;swapper
2.499475820;R;4554;swapper
2.499670948;R;4555;swapper
2.499870466;R;4556;swapper
2.500065955;R;4557;swapper
2.500260421;R;4558;swapper
2.500455188;R;4559;swapper
2.500649714;R;4560;swapper
2.500844541;R;4561;swapper
2.501037383;R;4562;swapper
2.501231549;R;4563;swapper
2.501429263;R;4564;swapper
2.501626616;R;4565;swapper
2.501824752;R;4566;swapper
2.502018917;R;4567;swapper
2.502212601;R;4568;swapper
2.502407308;R;4569;swapper
2.502605924;R;4570;swapper
2.502799909;R;4571;swapper
2.502993593;R;4572;swapper
2.503190947;R;4573;swapper
2.503384811;R;4574;swapper
2.503579458;R;4575;swapper
2.503774165;R;4576;swapper
2.503969112;R;4577;swapper
2.504163217;R;4578;swapper
2.504356240;R;4579;swapper
2.504552390;R;4580;swapper
2.504748661;R;4581;swapper
2.504943488;R;4582;swapper
2.505144390;R;4583;swapper
2.505343608;R;4584;swapper
2.505539518;R;4585;swapper
2.505962495;R;4586;swapper
2.506264089;R;4587;swapper
2.506562134;R;4588;swapper
2.506850856;R;4589;swapper
2.507138435;R;4590;swapper
2.507426976;R;4591;swapper
2.507709322;R;4592;swapper
2.507992690;R;4593;swapper
2.508282555;R;4594;swapper
2.508569532;R;4595;swapper
2.508855968;R;4596;swapper
2.509140239;R;4597;swapper
2.509424810;R;4598;swapper
2.509714254;R;4599;swapper
2.509999968;R;4600;swapper
2.510292479;R;4601;swapper
2.510573923;R;4602;swapper
2.510860900;R;4603;swapper
2.511145412;R;4604;swapper
2.511433833;R;4605;swapper
2.511719186;R;4606;swapper
2.512004118;R;4607;swapper
2.513866133;E;77;ubi_bgt0d
2.514454042;W;4928;ubi_bgt0d
2.519657049;E;142;ubi_bgt0d
2.520223064;W;9088;ubi_bgt0d
2.544757194;R;9233;swapper
2.545227149;R;9232;swapper
2.545702879;R;9223;swapper
2.546146909;R;9153;swapper
2.546553525;R;9047;swapper
2.551848802;R;9028;swapper
2.552266426;R;9233;swapper
2.552706606;R;9231;swapper
2.553106005;R;9214;swapper
2.553510877;R;9028;swapper
2.558421432;R;9153;swapper
2.558860891;R;7825;swapper
2.559282004;R;9233;swapper
2.559687477;R;9228;swapper
2.560084951;R;9189;swapper
2.560469793;R;7825;swapper
2.560916109;R;9189;swapper
2.561312499;R;7742;swapper
2.561608620;R;7743;swapper
2.562018244;R;9228;swapper
2.562414514;R;9193;swapper
2.562796349;R;7742;swapper
2.563260168;R;5243;swapper
2.563669191;R;9153;swapper
2.564060409;R;5243;swapper
2.564507326;R;9223;swapper
2.564947266;R;9154;swapper
2.565344378;R;5243;swapper
2.565853010;R;9224;swapper
2.566277972;R;9155;swapper
2.566674183;R;5243;swapper
2.567412709;R;5027;swapper
2.567740408;R;5028;swapper
2.568816077;R;8998;swapper
2.569256197;R;9228;swapper
2.569671295;R;9194;swapper
2.570067204;R;8998;swapper
2.570521039;R;9194;swapper
2.570915264;R;8831;swapper
2.571325851;R;9233;swapper
2.571721640;R;9231;swapper
2.572117189;R;9212;swapper
2.572502693;R;8831;swapper
2.572963805;R;9194;swapper
2.573357790;R;8783;swapper
2.573657640;R;8784;swapper
2.574061610;R;9231;swapper
2.574468587;R;9212;swapper
2.574849940;R;8783;swapper
2.575329700;R;8775;swapper
2.575695355;R;8776;swapper
2.576795685;R;9224;init
2.577243144;R;9157;init
2.577656136;R;5242;init
2.577973490;R;5243;init
2.579022452;R;9212;init
2.579464617;R;8783;init
2.580317068;R;8782;init
2.580654812;R;8783;init
2.581793760;R;8776;init
2.582128075;R;8777;init
2.583102571;R;8779;init
2.583448015;R;8780;init
2.584307082;R;8781;init
2.584623834;R;8782;init
2.585517067;R;8777;init
2.585902331;R;8778;init
2.586205910;R;8779;init
2.587183955;R;9047;init
2.587629669;R;9233;init
2.588036526;R;9232;init
2.588443203;R;9221;init
2.588842180;R;9047;init
2.589298721;R;9221;init
2.589709729;R;9040;init
2.590189067;R;9232;init
2.590586480;R;9223;init
2.590990330;R;9040;init
2.591598510;R;9039;init
2.591924766;R;9040;init
2.592589127;R;5029;init
2.592919051;R;5030;init
2.593781788;R;9194;init
2.594225277;R;8998;init
2.594798209;R;9231;init
2.595210058;R;9213;init
2.595605306;R;8998;init
2.596268284;R;8878;init
2.596582509;R;8879;init
2.597740223;R;8997;init
2.598066539;R;8998;init
2.598986238;R;8997;init
2.599998689;R;9213;init
2.600426117;R;8890;init
2.600742147;R;8891;init
2.601868403;R;9213;init
2.602208072;R;8880;init
2.602432192;R;8881;init
2.603150869;R;8888;init
2.603394899;R;8889;init
2.604095951;R;5028;init
2.604333004;R;5029;init
2.605042237;R;8885;init
2.605288071;R;8886;init
2.606107801;R;8887;init
2.606349726;R;8888;init
2.607048192;R;8889;init
2.607287710;R;8890;init
2.608027860;R;8886;init
2.608274417;R;8887;init
2.608984191;R;8881;init
2.609221845;R;8882;init
2.609943048;R;8879;init
2.610170717;R;8880;init
2.610861785;R;8884;init
2.611106597;R;8885;init
2.611805845;R;8882;init
2.612036461;R;8883;init
2.612240671;R;8884;init
2.613590385;R;5030;init
2.613826716;R;5031;init
2.614754836;R;9231;init
2.615094505;R;9214;init
2.615380460;R;8983;init
2.615606084;R;8984;init
2.616594957;R;9213;init
2.617028941;R;8905;init
2.617346896;R;8906;init
2.617641152;R;8907;init
2.618492941;R;9213;init
2.618808730;R;9214;init
2.619220941;R;8937;init
2.619526625;R;8938;init
2.620430324;R;9214;init
2.620860640;R;8991;init
2.621165061;R;8992;init
2.621455046;R;8993;init
2.622236279;R;8994;init
2.623035617;R;9214;init
2.623465872;R;8973;init
2.623766263;R;8974;init
2.624058955;R;8975;init
2.624906353;R;8988;init
2.625236458;R;8989;init
2.626085601;R;8987;init
2.626419616;R;8988;init
2.627209391;R;8907;init
2.627541300;R;8908;init
2.628418774;R;9213;init
2.628859134;R;8927;init
2.629183044;R;8928;init
2.630003555;R;8891;init
2.630338593;R;8892;init
2.631139615;R;9214;init
2.631559946;R;8941;init
2.631875134;R;8942;init
2.632167465;R;8943;init
2.632987916;R;8892;init
2.633318141;R;8893;init
2.634193509;R;5031;init
2.634516878;R;5032;init
2.635352065;R;8938;init
2.635752607;R;8939;init
2.636067253;R;8940;init
2.636898892;R;8904;init
2.637237539;R;8905;init
2.638088847;R;8972;init
2.638422982;R;8973;init
2.639281027;R;9155;init
2.639709959;R;5032;init
2.640019012;R;5033;init
2.640314471;R;5034;init
2.641140335;R;8980;init
2.641456846;R;8981;init
2.641754410;R;8982;init
2.642747312;R;8976;init
2.643072244;R;8977;init
2.643372695;R;8978;init
2.644208064;R;9156;init
2.644635191;R;5208;init
2.644970770;R;5209;init
2.645921267;R;5205;init
2.646256725;R;5206;init
2.647097266;R;9224;init
2.647529507;R;9156;init
2.647929627;R;5179;init
2.648256003;R;5180;init
2.649091191;R;8982;init
2.649429717;R;8983;init
2.650242529;R;8893;init
2.650575702;R;8894;init
2.651396574;R;9157;init
2.651827551;R;5241;init
2.652161205;R;5242;init
2.652976844;R;9156;init
2.653400002;R;5198;init
2.653720423;R;5199;init
2.654587851;R;8897;init
2.654912242;R;8898;init
2.655202708;R;8899;init
2.656085776;R;9156;init
2.656410107;R;9157;init
2.656825806;R;5229;init
2.657151700;R;5230;init
2.658014317;R;5231;init
2.658247520;R;5232;init
2.658455399;R;5233;init
2.659239640;R;8975;init
2.659482106;R;8976;init
2.660246376;R;5177;init
2.660486617;R;5178;init
2.660691248;R;5179;init
2.661493775;R;8943;init
2.661747489;R;8944;init
2.662613053;R;5236;init
2.662845534;R;5237;init
2.663051007;R;5238;init
2.663807097;R;8894;init
2.664051188;R;8895;init
2.664755609;R;5224;init
2.664999157;R;5225;init
2.666016541;R;8897;init
2.666748330;R;5192;init
2.666995789;R;5193;init
2.667762706;R;8926;init
2.668005473;R;8927;init
2.668708029;R;5239;init
2.668945924;R;5240;init
2.669153623;R;5241;init
2.669904841;R;9222;init
2.670224179;R;9046;init
2.670533232;R;9223;init
2.670828389;R;9046;init
2.671465923;R;5034;init
2.671707908;R;5035;init
2.672488239;R;8925;init
2.672732990;R;8926;init
2.673428870;R;8936;init
2.673660750;R;8937;init
2.674356629;R;9046;init
2.675033261;R;5196;init
2.675264118;R;5197;init
2.675468629;R;5198;init
2.676423698;R;8928;init
2.676749291;R;8929;init
2.677038915;R;8930;init
2.677884750;R;8931;init
2.678839998;R;8994;init
2.679169020;R;8995;init
2.680110614;R;8931;init
2.680447035;R;8932;init
2.680738163;R;8933;init
2.681618704;R;8924;init
2.681954764;R;8925;init
2.685245651;R;5180;init
2.685495696;R;5181;init
2.686565170;R;8984;init
2.686812268;R;8985;init
2.687612689;R;9213;init
2.687939245;R;8916;init
2.688182553;R;8917;init
2.688928538;R;8971;init
2.689174613;R;8972;init
2.690276026;R;8917;init
2.690521019;R;8918;init
2.690734492;R;8919;init
2.691501530;R;9039;init
2.691831575;R;9232;init
2.692135214;R;9222;init
2.692423094;R;9038;init
2.692643063;R;9039;init
2.693033740;R;9038;init
2.693732266;R;8979;init
2.693972988;R;8980;init
2.694784597;R;9154;init
2.695113559;R;4994;init
2.701107663;R;5209;mount
2.701350490;R;5210;mount
2.702113738;R;9156;mount
2.702442460;R;5112;mount
2.702671934;R;5113;mount
2.702880114;R;5114;mount
2.703839392;R;5190;mount
2.704071632;R;5191;mount
2.704279993;R;5192;mount
2.705039632;R;5185;mount
2.705266158;R;5186;mount
2.706133407;R;5235;mount
2.706374730;R;5236;mount
2.707155722;R;8996;mount
2.707397407;R;8997;mount
2.708095271;R;5109;mount
2.708329256;R;5110;mount
2.708535331;R;5111;mount
2.709303211;R;8940;mount
2.709556023;R;8941;mount
2.710289376;R;5206;mount
2.710523361;R;5207;mount
2.710727752;R;5208;mount
2.711617075;R;5111;mount
2.711865135;R;5112;mount
2.712651721;R;7825;mount
2.713247691;R;8978;mount
2.713493525;R;8979;mount
2.714229585;R;5203;mount
2.714468262;R;5204;mount
2.714680412;R;5205;mount
2.716200533;R;9029;init
2.716541886;R;9221;init
2.716857796;R;9029;init
2.717336232;R;7826;init
2.717641976;R;7825;init
2.717860382;R;7826;init
2.718276502;W;4096;init
2.718903690;W;4418;init
2.719823930;R;9223;init
2.720151930;R;4801;init
2.720662547;R;8920;init
2.720901885;R;8921;init
2.728961192;R;7826;mount
2.731568048;R;9153;init
2.731913311;R;5018;init
2.732223206;R;9223;init
2.732438183;R;9224;init
2.732725883;R;9155;init
2.733015326;R;5018;init
2.733850815;R;5238;init
2.734101882;R;5239;init
2.739983565;R;9155;sh
2.740321851;R;5095;sh
2.740566603;R;5096;sh
2.741534603;R;5097;sh
2.742338813;R;5188;sh
2.742594933;R;5189;sh
2.743591625;R;9155;sh
2.743922452;R;5079;sh
2.744164136;R;5080;sh
2.744897249;R;5233;sh
2.745147594;R;5234;sh
2.746011775;R;5201;sh
2.746260857;R;5202;sh
2.746995173;R;5199;sh
2.747235113;R;5200;sh
2.747445038;R;5201;sh
2.748227654;R;9155;sh
2.748560225;R;5082;sh
2.748804857;R;5083;sh
2.749539473;R;5084;sh
2.750322210;R;5080;sh
2.750561909;R;5081;sh
2.750771232;R;5082;sh
2.751550420;R;5097;sh
2.751787353;R;5098;sh
2.751993127;R;5099;sh
2.753002270;R;5087;sh
2.753239623;R;5088;sh
2.753452615;R;5089;sh
2.754292796;R;5090;sh
2.755091592;R;5093;sh
2.755330570;R;5094;sh
2.755548675;R;5095;sh
2.756387532;R;5092;sh
2.756639743;R;5093;sh
2.757518058;R;5090;sh
2.757762509;R;5091;sh
2.757969908;R;5092;sh
2.758750359;R;5084;sh
2.758980915;R;5085;sh
2.759190720;R;5086;sh
2.760524012;R;9153;sh
2.760860734;R;5006;sh
2.761180854;R;9154;sh
2.761469275;R;5006;sh
2.767568763;R;9156;echo
2.767903620;R;5137;echo
2.768136643;R;5138;echo
2.786506745;R;9189;init
2.786844369;R;7606;init
2.787157211;R;9228;init
2.787451166;R;9191;init
2.787737361;R;7606;init
2.794343736;R;5108;mdev
2.794592398;R;5109;mdev
2.795842865;R;8899;mdev
2.796115887;R;8900;mdev
2.848036899;R;8933;mdev
2.848291696;R;8934;mdev
2.849229380;R;9039;mdev
2.850212598;R;8911;mdev
2.850459876;R;8912;mdev
2.851227335;R;8908;mdev
2.851465350;R;8909;mdev
2.851676598;R;8910;mdev
2.852455785;R;8911;mdev
2.853194793;R;8913;mdev
2.853427515;R;8914;mdev
2.853636657;R;8915;mdev
2.854716356;R;8912;mdev
2.854958041;R;8913;mdev
2.859593468;R;8923;mdev
2.859845799;R;8924;mdev
2.860591243;R;9221;mdev
2.860821679;R;9222;mdev
2.861128987;R;9037;mdev
2.861434972;R;9222;mdev
2.861724115;R;9037;mdev
3.212901075;R;5086;sh
3.213150939;R;5087;sh
3.216810608;R;9228;sh
3.217150638;R;9189;sh
3.217550157;R;7493;sh
3.217963029;R;6373;sh
3.218267510;R;9232;sh
3.218557735;R;9225;sh
3.218843209;R;9167;sh
3.219129043;R;6372;sh
3.219470276;R;9167;sh
3.219864502;R;5006;sh
3.228315508;R;9156;mkdir
3.228650124;R;5141;mkdir
3.228875387;R;5142;mkdir
3.229085733;R;5143;mkdir
3.230918936;R;5016;sh
3.231320921;R;9154;sh
3.231545522;R;9155;sh
3.231847597;R;5016;sh
3.238163025;R;5151;mv
3.238412047;R;5152;mv
3.238621611;R;5153;mv
3.240989911;R;8936;sh
3.464038232;R;9153;mount
3.474511733;W;4097;mount
3.475221808;E;71;ubi_bgt0d
3.475976876;W;4160;mount
3.476543613;W;4161;mount
3.477299763;W;9234;mount
3.477943793;W;4802;mount
3.478597928;W;4291;mount
3.479206590;W;4355;mount
3.480959371;R;4097;init
3.481474318;W;4544;ubi_bgt0d
3.482099040;E;69;ubi_bgt0d
3.482670047;W;4416;ubi_bgt0d
3.490276241;R;9038;mount
3.493807008;R;9153;init
3.494146917;R;5008;init
3.494457293;R;9154;init
3.494760692;R;5008;init
3.500722135;R;9155;hostname
3.501059819;R;5052;hostname
3.501276240;R;5053;hostname
3.501484240;R;5054;hostname
3.502258195;R;5228;hostname
3.502509323;R;5229;hostname
3.503696210;R;9037;hostname
3.506854887;R;9189;init
3.507188420;R;7812;init
3.507498556;R;9228;init
3.507791488;R;9193;init
3.508004781;R;9194;init
3.508276661;R;7812;init
3.514237863;R;5226;ifconfig
3.514477742;R;5227;ifconfig
3.514681832;R;5228;ifconfig
3.515495005;R;8963;ifconfig
3.515906614;R;8964;ifconfig
3.516133862;R;8965;ifconfig
3.519218734;R;7582;init
3.519564719;R;9228;init
3.519872328;R;9191;init
3.520175305;R;7582;init
3.526021259;R;9155;route
3.526365800;R;5067;route
3.526604597;R;5068;route
3.527339634;R;5230;route
3.527581078;R;5231;route
3.528426551;R;5065;route
3.528669920;R;5066;route
3.528880446;R;5067;route
3.529640025;R;5186;route
3.529881589;R;5187;route
3.530091032;R;5188;route
3.533090911;R;9045;init
3.533430280;R;9223;init
3.533737588;R;9045;init
3.534085076;R;9043;init
3.534396535;R;9223;init
3.534693377;R;9043;init
3.543409165;R;9044;rcS
3.543776623;R;9042;rcS
3.544116774;R;9223;rcS
3.544413977;R;9044;rcS
3.544629014;R;9045;rcS
3.544908232;R;9044;rcS
3.545189495;R;9043;rcS
3.545612773;R;8900;rcS
3.546039240;R;8901;rcS
3.547172773;R;5150;rcS
3.547425766;R;5151;rcS
3.548204593;R;5148;rcS
3.548440502;R;5149;rcS
3.548649886;R;5150;rcS
3.549480141;R;9043;rcS
3.563655777;R;5017;S00machine_name
3.572930122;R;9167;S00machine_name
3.573769881;R;5134;cat
3.574470512;R;5135;cat
3.575161339;R;5136;cat
3.576540226;R;9153;S00machine_name
3.577315083;R;5017;S00machine_name
3.587771081;R;5176;grep
3.588023532;R;5177;grep
3.589821427;R;5181;grep
3.590054208;R;5182;grep
3.590262990;R;5183;grep
3.593308884;R;4801;S00machine_name
3.595325546;R;9223;rcS
3.595770959;R;9044;rcS
3.607329274;R;9189;S01fb
3.607759830;R;6111;S01fb
3.608076401;R;9232;S01fb
3.608373785;R;9225;S01fb
3.608590687;R;9226;S01fb
3.608872070;R;9171;S01fb
3.609153815;R;6111;S01fb
3.617709002;R;5100;fbset
3.617944250;R;5101;fbset
3.618149483;R;5102;fbset
3.619805001;R;5234;fbset
3.620052400;R;5235;fbset
3.622996399;R;9043;rcS
3.626399827;R;9042;rcS
3.626635316;R;9043;rcS
3.635309900;R;7663;S01logging
3.635821239;R;9228;S01logging
3.636162713;R;9192;S01logging
3.636463464;R;7663;S01logging
3.644944184;R;9156;start-stop-daem
3.645276876;R;5153;start-stop-daem
3.645518981;R;5154;start-stop-daem
3.646939071;R;7819;start-stop-daem
3.647275011;R;9194;start-stop-daem
3.647579492;R;7819;start-stop-daem
3.653520423;R;5099;syslogd
3.653768964;R;5100;syslogd
3.659142257;R;9028;syslogd
3.659925896;R;9221;syslogd
3.660708632;R;9028;syslogd
3.670960239;R;7624;start-stop-daem
3.671309472;R;9191;start-stop-daem
3.671617984;R;7624;start-stop-daem
3.680818403;R;5225;S01logging
3.681513380;R;5226;S01logging
3.683885771;R;9042;rcS
3.730042274;R;9190;S13portmap
3.733869461;R;7628;S13portmap
3.767858748;R;7624;S13portmap
3.768575620;R;7625;S13portmap
3.770507710;R;9191;portmap
3.771314146;R;7627;portmap
3.772050808;R;7628;portmap
3.787325211;R;7625;portmap
3.788016819;R;7626;portmap
3.788705601;R;7627;portmap
3.797452848;R;9214;portmap
3.798243584;R;8954;portmap
3.798960096;R;8955;portmap
3.800613088;R;8956;portmap
3.801313779;R;8957;portmap
3.802020907;R;8958;portmap
3.803177598;R;8952;portmap
3.803881177;R;8953;portmap
3.804584636;R;8954;portmap
3.805877388;R;8951;portmap
3.829785956;R;8952;portmap
3.832265474;R;9028;mkdir
3.833070526;R;9221;mkdir
3.833871248;R;9028;mkdir
3.835860541;R;5027;S13portmap
3.841079187;R;9155;S13portmap
3.844933562;R;5027;S13portmap
3.887816020;R;9044;rcS
3.924000676;R;9037;S20urandom
3.956992008;R;5008;S20urandom
3.957773481;R;9154;S20urandom
3.958551045;R;5008;S20urandom
3.983094499;R;5145;rm
3.983806619;R;5146;rm
3.984517476;R;5147;rm
4.000121683;R;9153;S20urandom
4.000899367;R;5016;S20urandom
4.011575636;R;5136;dd
4.011835365;R;5137;dd
4.017425079;R;9042;rcS
4.031395423;R;7583;S40network
4.031734010;R;7582;S40network
4.031954581;R;7583;S40network
4.038225617;R;5054;ifup
4.038477647;R;5055;ifup
4.039219181;R;5057;ifup
4.039447813;R;5058;ifup
4.040663933;R;9037;ifup
4.041062248;R;9222;ifup
4.041372023;R;9037;ifup
4.041720594;R;9036;ifup
4.042032353;R;9222;ifup
4.042322819;R;9036;ifup
4.052269224;R;9167;sh
4.052698938;R;5027;sh
4.061879748;R;9037;run-parts
4.062224770;R;9036;run-parts
4.062442635;R;9037;run-parts
4.098504402;R;9036;run-parts
4.103843770;R;9043;rcS
4.104077093;R;9044;rcS
4.107781153;R;9043;rcS
4.116135558;R;5821;S50dropbear
4.116597152;R;9224;S50dropbear
4.116914024;R;9158;S50dropbear
4.117205994;R;5518;S50dropbear
4.117502655;R;9232;S50dropbear
4.117794986;R;9224;S50dropbear
4.118011768;R;9225;S50dropbear
4.118280580;R;9163;S50dropbear
4.118555587;R;5518;S50dropbear
4.118919617;R;6323;S50dropbear
4.119225963;R;9226;S50dropbear
4.119514986;R;9173;S50dropbear
4.119797873;R;6323;S50dropbear
4.136027585;R;6268;S50dropbear
4.136283525;R;6269;S50dropbear
4.137786381;R;9226;dropbearkey
4.138130802;R;9173;dropbearkey
4.138428246;R;6323;dropbearkey
4.140255674;R;6269;dropbearkey
4.140511674;R;6270;dropbearkey
4.141280095;R;9194;dropbearkey
4.141607193;R;8831;dropbearkey
4.141996666;R;8830;dropbearkey
4.142218441;R;8831;dropbearkey
4.142577779;R;8775;dropbearkey
4.143109568;R;8771;dropbearkey
4.143345959;R;8772;dropbearkey
4.143559613;R;8773;dropbearkey
4.144549147;R;8774;dropbearkey
4.144785778;R;8775;dropbearkey
4.146081899;R;8826;dropbearkey
4.146429628;R;9212;dropbearkey
4.146740425;R;8826;dropbearkey
4.147106741;R;8827;dropbearkey
4.147639432;R;8826;dropbearkey
4.147879973;R;8827;dropbearkey
4.149090560;R;7837;dropbearkey
4.149654349;R;9194;dropbearkey
4.149975191;R;7826;dropbearkey
4.150212364;R;7827;dropbearkey
4.151192213;R;9194;dropbearkey
4.151527491;R;7836;dropbearkey
4.151759070;R;7837;dropbearkey
4.153993235;R;7827;dropbearkey
4.154253025;R;7828;dropbearkey
4.156775370;R;7829;dropbearkey
4.158816513;R;6270;dropbearkey
4.159065174;R;6271;dropbearkey
4.159941926;R;9173;dropbearkey
4.160269685;R;6314;dropbearkey
4.160494888;R;6315;dropbearkey
4.161228302;R;6318;dropbearkey
4.161473956;R;6319;dropbearkey
4.162185835;R;9173;dropbearkey
4.162515880;R;6281;dropbearkey
4.162749504;R;6282;dropbearkey
4.163477324;R;6283;dropbearkey
4.164262045;R;6315;dropbearkey
4.164491519;R;6316;dropbearkey
4.164693624;R;6317;dropbearkey
4.165490376;R;6318;dropbearkey
4.166582887;R;9173;dropbearkey
4.166914255;R;6292;dropbearkey
4.167149263;R;6293;dropbearkey
4.168185052;R;6283;dropbearkey
4.168417353;R;6284;dropbearkey
4.168626255;R;6285;dropbearkey
4.169415368;R;9173;dropbearkey
4.169743428;R;6305;dropbearkey
4.169980540;R;6306;dropbearkey
4.170751307;R;6288;dropbearkey
4.171003818;R;6289;dropbearkey
4.171722254;R;6279;dropbearkey
4.171958345;R;6280;dropbearkey
4.172166164;R;6281;dropbearkey
4.173260600;R;6303;dropbearkey
4.173496089;R;6304;dropbearkey
4.173702825;R;6305;dropbearkey
4.174486224;R;6311;dropbearkey
4.174716539;R;6312;dropbearkey
4.174922374;R;6313;dropbearkey
4.175744028;R;6309;dropbearkey
4.176004419;R;6310;dropbearkey
4.176830705;R;6307;dropbearkey
4.177071667;R;6308;dropbearkey
4.177276720;R;6309;dropbearkey
4.178062825;R;6322;dropbearkey
4.178317742;R;6323;dropbearkey
4.179000328;R;6306;dropbearkey
4.179239486;R;6307;dropbearkey
4.180035937;R;6313;dropbearkey
4.180281892;R;6314;dropbearkey
4.190683394;R;6310;dropbearkey
4.191031604;R;6311;dropbearkey
5.762341877;W;4098;dropbearkey
5.764467290;R;6302;dropbearkey
5.764717877;R;6303;dropbearkey
10.755778088;W;4099;ubifs_bgt0_0
11.611087710;R;6297;dropbear
11.611323860;R;6298;dropbear
11.611535890;R;6299;dropbear
11.612605363;R;6296;dropbear
11.612855529;R;6297;dropbear
11.613885303;R;6319;dropbear
11.614131258;R;6320;dropbear
11.617199949;R;8962;dropbear
11.617452400;R;8963;dropbear
11.622363737;R;9044;rcS
11.662072000;R;7812;init
11.662415759;R;9194;init
11.662725895;R;7812;init
11.673449020;R;5035;getty
11.674165652;R;5036;getty
11.692061408;R;8995;getty
11.692774791;R;8996;getty
11.717635660;R;9157;init
11.718407991;R;5395;init
11.719219840;R;9224;init
11.719999329;R;9161;init
11.720776592;R;5395;init
11.794324246;R;9038;getty
11.795083825;R;9037;getty
11.796091044;R;9038;getty
13.946440333;R;9153;getty
13.946682212;R;9154;getty
13.947009269;R;5007;getty
13.947333378;R;9154;getty
13.947640764;R;5006;getty
13.947861649;R;5007;getty
13.954014486;R;5036;login
13.954253657;R;5037;login
13.954463895;R;5038;login
13.959025214;R;9039;login
13.959978345;R;9033;login
13.960309248;R;9222;login
13.960609053;R;9033;login
13.961068143;R;9222;login
13.961372158;R;9033;login
13.962655470;R;9047;login
13.963615337;R;4994;login
13.973473339;R;9222;sh
13.973805812;R;9046;sh
13.974119035;R;9045;sh
13.974336253;R;9046;sh
13.974980265;R;9045;sh
13.982001533;R;9157;sh
13.982337016;R;5769;sh
13.982658183;R;9225;sh
13.982955047;R;9166;sh
13.983238376;R;5769;sh
13.989679733;R;5138;id
13.989912577;R;5139;id
13.990124128;R;5140;id
13.990862601;R;5141;id
14.017371793;R;5189;sh
14.017622980;R;5190;sh
14.019509168;R;5195;sh
14.019756987;R;5196;sh
16.415777449;W;4100;ubifs_bgt0_0
17.326526729;R;7494;sh
17.326960148;R;7493;sh
17.327390920;R;7825;sh
17.327793785;R;9030;sh
17.328219625;R;9029;sh
17.328631932;R;7494;sh
17.329035098;R;5243;sh
19.036627851;R;4801;sh
24.035773828;W;4101;ubifs_bgt0_0
29.168982770;R;5300;sh
29.169802529;R;9224;sh
29.170608152;R;9160;sh
29.171383822;R;5300;sh
33.596058346;W;4162;flush-ubifs_0_0
38.595803734;W;4102;ubifs_bgt0_0
38.596619685;W;9048;ubifs_bgt0_0
43.595833104;W;4103;ubifs_bgt0_0
43.596639024;W;9049;ubifs_bgt0_0
48.595822325;W;4104;ubifs_bgt0_0
48.596591026;W;9050;ubifs_bgt0_0
